"Page rating (desc)",URL,"Organic traffic","HTTP status code","Content type",Depth,"Internal outlinks","No. of internal outlinks"
56,https://www.frauklinik.ru/plasticheskaya-hirurgia/povtornaya_plastika_grudi.php,0,200,"text/html; charset=utf-8",2,"http://www.frauklinik.ru/plasticheskaya-hirurgia/uvelichenie-grudi-otzivy.php
https://www.frauklinik.ru/
https://www.frauklinik.ru/about/
https://www.frauklinik.ru/about/article_adel_sergeenkova_povtor_mammoplast_blohin.php
https://www.frauklinik.ru/about/blog.php
https://www.frauklinik.ru/about/interactive_consulting.php
https://www.frauklinik.ru/about/our_clinics.php
https://www.frauklinik.ru/about/patients_stories.php
https://www.frauklinik.ru/about/patsientam.php
https://www.frauklinik.ru/about/star_patients.php
https://www.frauklinik.ru/about/story_endo_povtor_zamena_kopasov.php
https://www.frauklinik.ru/about/story_povtor_mam_solevie_blokhin.php
https://www.frauklinik.ru/about/story_vodonaeva.php
https://www.frauklinik.ru/about/videootzyvy.php
https://www.frauklinik.ru/beauty_salon/
https://www.frauklinik.ru/contacts/
https://www.frauklinik.ru/contacts/user_agreement.php
https://www.frauklinik.ru/cosmetologia/
https://www.frauklinik.ru/do_i_posle/
https://www.frauklinik.ru/do_i_posle/povtor_mam.php
https://www.frauklinik.ru/doctor/
https://www.frauklinik.ru/doctor/blohin.php
https://www.frauklinik.ru/doctor/kopasov.php
https://www.frauklinik.ru/faq/
https://www.frauklinik.ru/flebologia/
https://www.frauklinik.ru/gastro_kolono/
https://www.frauklinik.ru/ginekologia/
https://www.frauklinik.ru/ginekologia_estet/
https://www.frauklinik.ru/lor/
https://www.frauklinik.ru/mammologia/
https://www.frauklinik.ru/news/
https://www.frauklinik.ru/news/new_frau_first_place_russia.php
https://www.frauklinik.ru/plasticheskaya-hirurgia/
https://www.frauklinik.ru/plasticheskaya-hirurgia/abdominoplastika.php
https://www.frauklinik.ru/plasticheskaya-hirurgia/aqualifting.php
https://www.frauklinik.ru/plasticheskaya-hirurgia/asimm-grudi.php
https://www.frauklinik.ru/plasticheskaya-hirurgia/bandaj_jeludka.php
https://www.frauklinik.ru/plasticheskaya-hirurgia/besshov-blefaroplastika.php
https://www.frauklinik.ru/plasticheskaya-hirurgia/blefaro_krug_malyarniy_lipoliz.php
https://www.frauklinik.ru/plasticheskaya-hirurgia/blefarolifting.php
https://www.frauklinik.ru/plasticheskaya-hirurgia/blefaroplastika.php
https://www.frauklinik.ru/plasticheskaya-hirurgia/bodilifting.php
https://www.frauklinik.ru/plasticheskaya-hirurgia/brahioplastika.php
https://www.frauklinik.ru/plasticheskaya-hirurgia/bullhorn.php
https://www.frauklinik.ru/plasticheskaya-hirurgia/chek-lifting.php
https://www.frauklinik.ru/plasticheskaya-hirurgia/crisalix.php
https://www.frauklinik.ru/plasticheskaya-hirurgia/deep_smas_lifting.php
https://www.frauklinik.ru/plasticheskaya-hirurgia/diastaz.php
https://www.frauklinik.ru/plasticheskaya-hirurgia/direkt/lipofiling.php
https://www.frauklinik.ru/plasticheskaya-hirurgia/dryablye_ruki.php
https://www.frauklinik.ru/plasticheskaya-hirurgia/dvoynoy_podborodok.php
https://www.frauklinik.ru/plasticheskaya-hirurgia/endo-uvelichenie-grudi-2ploskost.php
https://www.frauklinik.ru/plasticheskaya-hirurgia/endoskop_podt_nijnei_treti.php
https://www.frauklinik.ru/plasticheskaya-hirurgia/endoskop_podt_sred_treti.php
https://www.frauklinik.ru/plasticheskaya-hirurgia/endoskop_podt_verh_treti.php
https://www.frauklinik.ru/plasticheskaya-hirurgia/endoskopicheskoe_uvelichenie_grudi.php
https://www.frauklinik.ru/plasticheskaya-hirurgia/facelifting.php
https://www.frauklinik.ru/plasticheskaya-hirurgia/gluteoplastika.php
https://www.frauklinik.ru/plasticheskaya-hirurgia/gorbinka_na_nosu.php
https://www.frauklinik.ru/plasticheskaya-hirurgia/image_plasty.php
https://www.frauklinik.ru/plasticheskaya-hirurgia/intim_vosstan_posle_rodov.php
https://www.frauklinik.ru/plasticheskaya-hirurgia/izmen_formy_razreza_glaz.php
https://www.frauklinik.ru/plasticheskaya-hirurgia/korrektsiya_tubulyarnoy_grudi.php
https://www.frauklinik.ru/plasticheskaya-hirurgia/krivye_nogi.php
https://www.frauklinik.ru/plasticheskaya-hirurgia/kruroplastika.php
https://www.frauklinik.ru/plasticheskaya-hirurgia/lipofiling.php
https://www.frauklinik.ru/plasticheskaya-hirurgia/lipofiling_grudi.php
https://www.frauklinik.ru/plasticheskaya-hirurgia/lipofiling_litsa.php
https://www.frauklinik.ru/plasticheskaya-hirurgia/lipofiling_yagodits.php
https://www.frauklinik.ru/plasticheskaya-hirurgia/liposaktsiya-koleney.php
https://www.frauklinik.ru/plasticheskaya-hirurgia/liposaktsiya_beder.php
https://www.frauklinik.ru/plasticheskaya-hirurgia/liposaktsiya_podborodka.php
https://www.frauklinik.ru/plasticheskaya-hirurgia/lopouhost.php
https://www.frauklinik.ru/plasticheskaya-hirurgia/mammoplastika.php
https://www.frauklinik.ru/plasticheskaya-hirurgia/mammoplastika_posle_rodov.php
https://www.frauklinik.ru/plasticheskaya-hirurgia/mastopeksia.php
https://www.frauklinik.ru/plasticheskaya-hirurgia/men_facelift.php
https://www.frauklinik.ru/plasticheskaya-hirurgia/meshki_pod_glazami.php
https://www.frauklinik.ru/plasticheskaya-hirurgia/microrinoplastika.php
https://www.frauklinik.ru/plasticheskaya-hirurgia/mini_lifting.php
https://www.frauklinik.ru/plasticheskaya-hirurgia/miniabdominoplastika.php
https://www.frauklinik.ru/plasticheskaya-hirurgia/mommy_makeover.php
https://www.frauklinik.ru/plasticheskaya-hirurgia/nosovaya_peregorodka.php
https://www.frauklinik.ru/plasticheskaya-hirurgia/obvisshaja-grud.php
https://www.frauklinik.ru/plasticheskaya-hirurgia/obvisshie_veki.php
https://www.frauklinik.ru/plasticheskaya-hirurgia/otoplastika.php
https://www.frauklinik.ru/plasticheskaya-hirurgia/pahovaya_gryzha.php
https://www.frauklinik.ru/plasticheskaya-hirurgia/plast_oper_otzivy.php
https://www.frauklinik.ru/plasticheskaya-hirurgia/plastika-skul.php
https://www.frauklinik.ru/plasticheskaya-hirurgia/plastika-vlagalischa.php
https://www.frauklinik.ru/plasticheskaya-hirurgia/ploskie_yagoditsy.php
https://www.frauklinik.ru/plasticheskaya-hirurgia/podtazhka-grudi.php
https://www.frauklinik.ru/plasticheskaya-hirurgia/podtazhka-lba.php
https://www.frauklinik.ru/plasticheskaya-hirurgia/podtazhka-shei.php
https://www.frauklinik.ru/plasticheskaya-hirurgia/podtyazhka_grudi_bez_shva.php
https://www.frauklinik.ru/plasticheskaya-hirurgia/podtyazhka_grudi_s_uvelicheniem.php
https://www.frauklinik.ru/plasticheskaya-hirurgia/pomyt_golovu_posle_liftinga.php
https://www.frauklinik.ru/plasticheskaya-hirurgia/posleoperacionnaya_gryzha.php
https://www.frauklinik.ru/plasticheskaya-hirurgia/povtornaya_rinoplastika.php
https://www.frauklinik.ru/plasticheskaya-hirurgia/pupochnaya_gryzha.php
https://www.frauklinik.ru/plasticheskaya-hirurgia/raznaya_grud.php
https://www.frauklinik.ru/plasticheskaya-hirurgia/rekonstruktiv_plastika_grudi.php
https://www.frauklinik.ru/plasticheskaya-hirurgia/rino-open_method.php
https://www.frauklinik.ru/plasticheskaya-hirurgia/rinoplastika.php
https://www.frauklinik.ru/plasticheskaya-hirurgia/sedlovidnii_nos.php
https://www.frauklinik.ru/plasticheskaya-hirurgia/septoplastika.php
https://www.frauklinik.ru/plasticheskaya-hirurgia/shirokii_nos.php
https://www.frauklinik.ru/plasticheskaya-hirurgia/sovmeshchennye_operatsii.php
https://www.frauklinik.ru/plasticheskaya-hirurgia/two_plane_facelift.php
https://www.frauklinik.ru/plasticheskaya-hirurgia/udalenie_grudnyh_implantatov.php
https://www.frauklinik.ru/plasticheskaya-hirurgia/udaleniye_biopolimer_gel.php
https://www.frauklinik.ru/plasticheskaya-hirurgia/udaleniye_kostochki_na_noge.php
https://www.frauklinik.ru/plasticheskaya-hirurgia/udlinenie_nog.php
https://www.frauklinik.ru/plasticheskaya-hirurgia/umenschenie-grudi.php
https://www.frauklinik.ru/plasticheskaya-hirurgia/umenshenie-pol-gub.php
https://www.frauklinik.ru/plasticheskaya-hirurgia/unikalnaya_promejnost_3_in_1.php
https://www.frauklinik.ru/plasticheskaya-hirurgia/ushivanie_diastaza.php
https://www.frauklinik.ru/plasticheskaya-hirurgia/utolshennii_konchik_nosa.php
https://www.frauklinik.ru/plasticheskaya-hirurgia/uvelichenie-grudi.php
https://www.frauklinik.ru/plasticheskaya-hirurgia/v-line-plastika.php
https://www.frauklinik.ru/plasticheskaya-hirurgia/visochniy_lifting.php
https://www.frauklinik.ru/plasticheskaya-hirurgia/vosstan-devstvennosti.php
https://www.frauklinik.ru/price/
https://www.frauklinik.ru/price/actions.php
https://www.frauklinik.ru/stomatologia/",125
37,https://www.frauklinik.ru/ginekologia/konizaciya_sheyki_matki.php,0.000319,200,"text/html; charset=utf-8",2,"http://frauklinik.ru/ginekologia/boli_vnizu_zhivota.php
https://www.frauklinik.ru/
https://www.frauklinik.ru/about/
https://www.frauklinik.ru/about/blog.php
https://www.frauklinik.ru/about/our_clinics.php
https://www.frauklinik.ru/about/patients_stories.php
https://www.frauklinik.ru/about/patsientam.php
https://www.frauklinik.ru/about/star_patients.php
https://www.frauklinik.ru/beauty_salon/
https://www.frauklinik.ru/contacts/
https://www.frauklinik.ru/contacts/user_agreement.php
https://www.frauklinik.ru/cosmetologia/
https://www.frauklinik.ru/do_i_posle/
https://www.frauklinik.ru/doctor/
https://www.frauklinik.ru/doctor/vozrast_povyshennogo_vnimaniya.php
https://www.frauklinik.ru/faq/
https://www.frauklinik.ru/flebologia/
https://www.frauklinik.ru/gastro_kolono/
https://www.frauklinik.ru/ginekologia/
https://www.frauklinik.ru/ginekologia/adneksit.php
https://www.frauklinik.ru/ginekologia/amput_sheiki_matki.php
https://www.frauklinik.ru/ginekologia/bartolinit.php
https://www.frauklinik.ru/ginekologia/besplodie.php
https://www.frauklinik.ru/ginekologia/biopsia-shejli-matki.php
https://www.frauklinik.ru/ginekologia/boleznennye_mesyachnye.php
https://www.frauklinik.ru/ginekologia/boli-pri-pa.php
https://www.frauklinik.ru/ginekologia/boli_vnizu_zhivota.php
https://www.frauklinik.ru/ginekologia/citologia.php
https://www.frauklinik.ru/ginekologia/colposcopia.php
https://www.frauklinik.ru/ginekologia/embolizatsiya_matochnykh_arteriy.php
https://www.frauklinik.ru/ginekologia/endometrioz.php
https://www.frauklinik.ru/ginekologia/endometrit.php
https://www.frauklinik.ru/ginekologia/eroziya_sheyki_matki.php
https://www.frauklinik.ru/ginekologia/ginekologia/leykoplakiya_sheyki_matki.php
https://www.frauklinik.ru/ginekologia/gisteroskopiya.php
https://www.frauklinik.ru/ginekologia/gyn-oper.php
https://www.frauklinik.ru/ginekologia/hirurg-diagnos.php
https://www.frauklinik.ru/ginekologia/kista_yaichnika.php
https://www.frauklinik.ru/ginekologia/klimaktericheskiy_sindrom.php
https://www.frauklinik.ru/ginekologia/kolpit.php
https://www.frauklinik.ru/ginekologia/komp_programs.php
https://www.frauklinik.ru/ginekologia/lab-diagnostika.php
https://www.frauklinik.ru/ginekologia/laparoskopiya.php
https://www.frauklinik.ru/ginekologia/las-terapia.php
https://www.frauklinik.ru/ginekologia/lech_nederj_mochi_posle_rodov.php
https://www.frauklinik.ru/ginekologia/mioma_matki.php
https://www.frauklinik.ru/ginekologia/molochnitsa.php
https://www.frauklinik.ru/ginekologia/nederzhanie_mochi.php
https://www.frauklinik.ru/ginekologia/neregulyarnyy_tsikl.php
https://www.frauklinik.ru/ginekologia/orgasm_posle_rodov.php
https://www.frauklinik.ru/ginekologia/ostrokonechnie_kondilomi.php
https://www.frauklinik.ru/ginekologia/polikistoz.php
https://www.frauklinik.ru/ginekologia/polipy_matki.php
https://www.frauklinik.ru/ginekologia/predmenstrualnyy_sindrom.php
https://www.frauklinik.ru/ginekologia/skrining.php
https://www.frauklinik.ru/ginekologia/sling_operation_pri_nederzhanii_mochi.php
https://www.frauklinik.ru/ginekologia/spayki.php
https://www.frauklinik.ru/ginekologia/stimulyatsiya_ovulyatsii.php
https://www.frauklinik.ru/ginekologia/tservitsit.php
https://www.frauklinik.ru/ginekologia/udal_kisty_vlag.php
https://www.frauklinik.ru/ginekologia/udalenie-papillom.php
https://www.frauklinik.ru/ginekologia/urinary_incont_correction_by_synt_implants.php
https://www.frauklinik.ru/ginekologia/ustanovka-vms.php
https://www.frauklinik.ru/ginekologia/ustanovka_pessariya.php
https://www.frauklinik.ru/ginekologia/uterine_prolapse_treatment.php
https://www.frauklinik.ru/ginekologia/uzi_organov_malogo_taza.php
https://www.frauklinik.ru/ginekologia/vaginoz.php
https://www.frauklinik.ru/ginekologia/vedenie_beremennosti.php
https://www.frauklinik.ru/ginekologia/vlag_extirpaciya_matki.php
https://www.frauklinik.ru/ginekologia/vydeleniya_iz_vlagalishcha.php
https://www.frauklinik.ru/ginekologia/zgt.php
https://www.frauklinik.ru/ginekologia/zud_i_zhzhenie_vo_vlagalishche.php
https://www.frauklinik.ru/ginekologia_estet/
https://www.frauklinik.ru/lor/
https://www.frauklinik.ru/mammologia/
https://www.frauklinik.ru/news/
https://www.frauklinik.ru/news/new_frau_first_place_russia.php
https://www.frauklinik.ru/plasticheskaya-hirurgia/
https://www.frauklinik.ru/plasticheskaya-hirurgia/korrec_pol_gub_posle_rodov.php
https://www.frauklinik.ru/plasticheskaya-hirurgia/plast_oper_otzivy.php
https://www.frauklinik.ru/plasticheskaya-hirurgia/plast_sheiki_matki_posle_rodov.php
https://www.frauklinik.ru/plasticheskaya-hirurgia/plast_vlagalischa_posle_rodov.php
https://www.frauklinik.ru/plasticheskaya-hirurgia/udaleniye_kostochki_na_noge.php
https://www.frauklinik.ru/plasticheskaya-hirurgia/udlinenie_nog.php
https://www.frauklinik.ru/price/
https://www.frauklinik.ru/price/actions.php
https://www.frauklinik.ru/stomatologia/",87
31,https://www.frauklinik.ru/plasticheskaya-hirurgia/uvelichenie-grudi-otzivy.php,0,200,"text/html; charset=utf-8",3,"http://www.frauklinik.ru/plasticheskaya-hirurgia/uvelichenie-grudi.php
https://www.frauklinik.ru/
https://www.frauklinik.ru/about/
https://www.frauklinik.ru/about/blog.php
https://www.frauklinik.ru/about/our_clinics.php
https://www.frauklinik.ru/about/patients_stories.php
https://www.frauklinik.ru/about/patsientam.php
https://www.frauklinik.ru/about/star_patients.php
https://www.frauklinik.ru/about/videootzyvy.php
https://www.frauklinik.ru/beauty_salon/
https://www.frauklinik.ru/contacts/
https://www.frauklinik.ru/contacts/user_agreement.php
https://www.frauklinik.ru/cosmetologia/
https://www.frauklinik.ru/do_i_posle/
https://www.frauklinik.ru/doctor/
https://www.frauklinik.ru/doctor/badak.php
https://www.frauklinik.ru/doctor/blohin.php
https://www.frauklinik.ru/doctor/egorova_m_v.php
https://www.frauklinik.ru/doctor/filippov.php
https://www.frauklinik.ru/doctor/kondratiev.php
https://www.frauklinik.ru/doctor/kopasov.php
https://www.frauklinik.ru/doctor/naydenov_surgeon.php
https://www.frauklinik.ru/doctor/portnoj.php
https://www.frauklinik.ru/faq/
https://www.frauklinik.ru/flebologia/
https://www.frauklinik.ru/gastro_kolono/
https://www.frauklinik.ru/ginekologia/
https://www.frauklinik.ru/ginekologia_estet/
https://www.frauklinik.ru/lor/
https://www.frauklinik.ru/mammologia/
https://www.frauklinik.ru/mammologia/udalenie-fibroadenomy.php
https://www.frauklinik.ru/news/
https://www.frauklinik.ru/news/new_frau_first_place_russia.php
https://www.frauklinik.ru/plasticheskaya-hirurgia/
https://www.frauklinik.ru/plasticheskaya-hirurgia/abdominoplastika.php
https://www.frauklinik.ru/plasticheskaya-hirurgia/aqualifting.php
https://www.frauklinik.ru/plasticheskaya-hirurgia/asimm-grudi.php
https://www.frauklinik.ru/plasticheskaya-hirurgia/bandaj_jeludka.php
https://www.frauklinik.ru/plasticheskaya-hirurgia/besshov-blefaroplastika.php
https://www.frauklinik.ru/plasticheskaya-hirurgia/blefaro_krug_malyarniy_lipoliz.php
https://www.frauklinik.ru/plasticheskaya-hirurgia/blefarolifting.php
https://www.frauklinik.ru/plasticheskaya-hirurgia/blefaroplastika.php
https://www.frauklinik.ru/plasticheskaya-hirurgia/bodilifting.php
https://www.frauklinik.ru/plasticheskaya-hirurgia/brahioplastika.php
https://www.frauklinik.ru/plasticheskaya-hirurgia/bullhorn.php
https://www.frauklinik.ru/plasticheskaya-hirurgia/chek-lifting.php
https://www.frauklinik.ru/plasticheskaya-hirurgia/crisalix.php
https://www.frauklinik.ru/plasticheskaya-hirurgia/deep_smas_lifting.php
https://www.frauklinik.ru/plasticheskaya-hirurgia/diastaz.php
https://www.frauklinik.ru/plasticheskaya-hirurgia/direkt/lipofiling.php
https://www.frauklinik.ru/plasticheskaya-hirurgia/dryablye_ruki.php
https://www.frauklinik.ru/plasticheskaya-hirurgia/dvoynoy_podborodok.php
https://www.frauklinik.ru/plasticheskaya-hirurgia/endo-uvelichenie-grudi-2ploskost.php
https://www.frauklinik.ru/plasticheskaya-hirurgia/endoskop_podt_nijnei_treti.php
https://www.frauklinik.ru/plasticheskaya-hirurgia/endoskop_podt_sred_treti.php
https://www.frauklinik.ru/plasticheskaya-hirurgia/endoskop_podt_verh_treti.php
https://www.frauklinik.ru/plasticheskaya-hirurgia/endoskopicheskoe_uvelichenie_grudi.php
https://www.frauklinik.ru/plasticheskaya-hirurgia/facelifting.php
https://www.frauklinik.ru/plasticheskaya-hirurgia/gluteoplastika.php
https://www.frauklinik.ru/plasticheskaya-hirurgia/gorbinka_na_nosu.php
https://www.frauklinik.ru/plasticheskaya-hirurgia/image_plasty.php
https://www.frauklinik.ru/plasticheskaya-hirurgia/intim_vosstan_posle_rodov.php
https://www.frauklinik.ru/plasticheskaya-hirurgia/izmen_formy_razreza_glaz.php
https://www.frauklinik.ru/plasticheskaya-hirurgia/korrektsiya_tubulyarnoy_grudi.php
https://www.frauklinik.ru/plasticheskaya-hirurgia/krivye_nogi.php
https://www.frauklinik.ru/plasticheskaya-hirurgia/kruroplastika.php
https://www.frauklinik.ru/plasticheskaya-hirurgia/lipofiling.php
https://www.frauklinik.ru/plasticheskaya-hirurgia/lipofiling_grudi.php
https://www.frauklinik.ru/plasticheskaya-hirurgia/lipofiling_litsa.php
https://www.frauklinik.ru/plasticheskaya-hirurgia/lipofiling_yagodits.php
https://www.frauklinik.ru/plasticheskaya-hirurgia/liposaktsiya-koleney.php
https://www.frauklinik.ru/plasticheskaya-hirurgia/liposaktsiya_beder.php
https://www.frauklinik.ru/plasticheskaya-hirurgia/liposaktsiya_podborodka.php
https://www.frauklinik.ru/plasticheskaya-hirurgia/lopouhost.php
https://www.frauklinik.ru/plasticheskaya-hirurgia/mammoplastika.php
https://www.frauklinik.ru/plasticheskaya-hirurgia/mammoplastika_posle_rodov.php
https://www.frauklinik.ru/plasticheskaya-hirurgia/mastopeksia.php
https://www.frauklinik.ru/plasticheskaya-hirurgia/men_facelift.php
https://www.frauklinik.ru/plasticheskaya-hirurgia/meshki_pod_glazami.php
https://www.frauklinik.ru/plasticheskaya-hirurgia/microrinoplastika.php
https://www.frauklinik.ru/plasticheskaya-hirurgia/mini_lifting.php
https://www.frauklinik.ru/plasticheskaya-hirurgia/miniabdominoplastika.php
https://www.frauklinik.ru/plasticheskaya-hirurgia/mommy_makeover.php
https://www.frauklinik.ru/plasticheskaya-hirurgia/nosovaya_peregorodka.php
https://www.frauklinik.ru/plasticheskaya-hirurgia/obvisshaja-grud.php
https://www.frauklinik.ru/plasticheskaya-hirurgia/obvisshie_veki.php
https://www.frauklinik.ru/plasticheskaya-hirurgia/otoplastika.php
https://www.frauklinik.ru/plasticheskaya-hirurgia/pahovaya_gryzha.php
https://www.frauklinik.ru/plasticheskaya-hirurgia/plast_oper_otzivy.php
https://www.frauklinik.ru/plasticheskaya-hirurgia/plastika-skul.php
https://www.frauklinik.ru/plasticheskaya-hirurgia/plastika-vlagalischa.php
https://www.frauklinik.ru/plasticheskaya-hirurgia/ploskie_yagoditsy.php
https://www.frauklinik.ru/plasticheskaya-hirurgia/podtazhka-lba.php
https://www.frauklinik.ru/plasticheskaya-hirurgia/podtazhka-shei.php
https://www.frauklinik.ru/plasticheskaya-hirurgia/podtyazhka_grudi_bez_shva.php
https://www.frauklinik.ru/plasticheskaya-hirurgia/podtyazhka_grudi_s_uvelicheniem.php
https://www.frauklinik.ru/plasticheskaya-hirurgia/pomyt_golovu_posle_liftinga.php
https://www.frauklinik.ru/plasticheskaya-hirurgia/posleoperacionnaya_gryzha.php
https://www.frauklinik.ru/plasticheskaya-hirurgia/povtornaya_plastika_grudi.php
https://www.frauklinik.ru/plasticheskaya-hirurgia/povtornaya_rinoplastika.php
https://www.frauklinik.ru/plasticheskaya-hirurgia/pupochnaya_gryzha.php
https://www.frauklinik.ru/plasticheskaya-hirurgia/raznaya_grud.php
https://www.frauklinik.ru/plasticheskaya-hirurgia/rekonstruktiv_plastika_grudi.php
https://www.frauklinik.ru/plasticheskaya-hirurgia/rino-open_method.php
https://www.frauklinik.ru/plasticheskaya-hirurgia/rinoplastika.php
https://www.frauklinik.ru/plasticheskaya-hirurgia/sedlovidnii_nos.php
https://www.frauklinik.ru/plasticheskaya-hirurgia/septoplastika.php
https://www.frauklinik.ru/plasticheskaya-hirurgia/shirokii_nos.php
https://www.frauklinik.ru/plasticheskaya-hirurgia/sovmeshchennye_operatsii.php
https://www.frauklinik.ru/plasticheskaya-hirurgia/two_plane_facelift.php
https://www.frauklinik.ru/plasticheskaya-hirurgia/udalenie_grudnyh_implantatov.php
https://www.frauklinik.ru/plasticheskaya-hirurgia/udaleniye_biopolimer_gel.php
https://www.frauklinik.ru/plasticheskaya-hirurgia/udaleniye_kostochki_na_noge.php
https://www.frauklinik.ru/plasticheskaya-hirurgia/udlinenie_nog.php
https://www.frauklinik.ru/plasticheskaya-hirurgia/umenschenie-grudi.php
https://www.frauklinik.ru/plasticheskaya-hirurgia/umenshenie-pol-gub.php
https://www.frauklinik.ru/plasticheskaya-hirurgia/unikalnaya_promejnost_3_in_1.php
https://www.frauklinik.ru/plasticheskaya-hirurgia/ushivanie_diastaza.php
https://www.frauklinik.ru/plasticheskaya-hirurgia/utolshennii_konchik_nosa.php
https://www.frauklinik.ru/plasticheskaya-hirurgia/uvelichenie-grudi.php
https://www.frauklinik.ru/plasticheskaya-hirurgia/v-line-plastika.php
https://www.frauklinik.ru/plasticheskaya-hirurgia/visochniy_lifting.php
https://www.frauklinik.ru/plasticheskaya-hirurgia/vosstan-devstvennosti.php
https://www.frauklinik.ru/price/
https://www.frauklinik.ru/price/actions.php
https://www.frauklinik.ru/stomatologia/",126
24,https://www.frauklinik.ru/gallery/,0,200,"text/html; charset=utf-8",3,"http://www.frauklinik.ru/
http://www.frauklinik.ru/contacts/",2
22,https://www.frauklinik.ru/faq/answer.php?id=178982,0,200,"text/html; charset=utf-8",4,"http://frauklinik.ru/cosmetologia/c-plastika.php
https://www.frauklinik.ru/
https://www.frauklinik.ru/about/
https://www.frauklinik.ru/about/articles/
https://www.frauklinik.ru/about/blog.php
https://www.frauklinik.ru/about/inogorodnim_patsientam.php
https://www.frauklinik.ru/about/licence.php
https://www.frauklinik.ru/about/our_clinics.php
https://www.frauklinik.ru/about/patients_stories.php
https://www.frauklinik.ru/about/patsientam.php
https://www.frauklinik.ru/about/pressa.php
https://www.frauklinik.ru/about/pressa_o_nas.php
https://www.frauklinik.ru/about/star_patients.php
https://www.frauklinik.ru/about/tv_proekty.php
https://www.frauklinik.ru/about/videootzyvy.php
https://www.frauklinik.ru/about/videoprotsedury.php
https://www.frauklinik.ru/beauty_salon/
https://www.frauklinik.ru/contacts/
https://www.frauklinik.ru/contacts/user_agreement.php
https://www.frauklinik.ru/cosmetologia/
https://www.frauklinik.ru/cosmetologia/cosm_otzivy.php
https://www.frauklinik.ru/do_i_posle/
https://www.frauklinik.ru/doctor/
https://www.frauklinik.ru/faq/
https://www.frauklinik.ru/faq/form.php
https://www.frauklinik.ru/faq/topic.php?id=2&page=1
https://www.frauklinik.ru/flebologia/
https://www.frauklinik.ru/gastro_kolono/
https://www.frauklinik.ru/ginekologia/
https://www.frauklinik.ru/ginekologia_estet/
https://www.frauklinik.ru/lor/
https://www.frauklinik.ru/mammologia/
https://www.frauklinik.ru/news/
https://www.frauklinik.ru/news/new_frau_first_place_russia.php
https://www.frauklinik.ru/plasticheskaya-hirurgia/
https://www.frauklinik.ru/plasticheskaya-hirurgia/plast_oper_otzivy.php
https://www.frauklinik.ru/plasticheskaya-hirurgia/udaleniye_kostochki_na_noge.php
https://www.frauklinik.ru/plasticheskaya-hirurgia/udlinenie_nog.php
https://www.frauklinik.ru/price/
https://www.frauklinik.ru/price/actions.php
https://www.frauklinik.ru/stomatologia/",41
22,https://www.frauklinik.ru/faq/answer.php?id=180461,0,200,"text/html; charset=utf-8",4,"http://frauklinik.ru/price/preyskurant_kosmetologiya.php
https://www.frauklinik.ru/
https://www.frauklinik.ru/about/
https://www.frauklinik.ru/about/articles/
https://www.frauklinik.ru/about/blog.php
https://www.frauklinik.ru/about/inogorodnim_patsientam.php
https://www.frauklinik.ru/about/licence.php
https://www.frauklinik.ru/about/our_clinics.php
https://www.frauklinik.ru/about/patients_stories.php
https://www.frauklinik.ru/about/patsientam.php
https://www.frauklinik.ru/about/pressa.php
https://www.frauklinik.ru/about/pressa_o_nas.php
https://www.frauklinik.ru/about/star_patients.php
https://www.frauklinik.ru/about/tv_proekty.php
https://www.frauklinik.ru/about/videootzyvy.php
https://www.frauklinik.ru/about/videoprotsedury.php
https://www.frauklinik.ru/beauty_salon/
https://www.frauklinik.ru/contacts/
https://www.frauklinik.ru/contacts/user_agreement.php
https://www.frauklinik.ru/cosmetologia/
https://www.frauklinik.ru/cosmetologia/cosm_otzivy.php
https://www.frauklinik.ru/cosmetologia/morschiny.php
https://www.frauklinik.ru/do_i_posle/
https://www.frauklinik.ru/doctor/
https://www.frauklinik.ru/faq/
https://www.frauklinik.ru/faq/form.php
https://www.frauklinik.ru/faq/topic.php?id=2&page=1
https://www.frauklinik.ru/flebologia/
https://www.frauklinik.ru/gastro_kolono/
https://www.frauklinik.ru/ginekologia/
https://www.frauklinik.ru/ginekologia_estet/
https://www.frauklinik.ru/lor/
https://www.frauklinik.ru/mammologia/
https://www.frauklinik.ru/news/
https://www.frauklinik.ru/news/new_frau_first_place_russia.php
https://www.frauklinik.ru/plasticheskaya-hirurgia/
https://www.frauklinik.ru/plasticheskaya-hirurgia/plast_oper_otzivy.php
https://www.frauklinik.ru/plasticheskaya-hirurgia/udaleniye_kostochki_na_noge.php
https://www.frauklinik.ru/plasticheskaya-hirurgia/udlinenie_nog.php
https://www.frauklinik.ru/price/
https://www.frauklinik.ru/price/actions.php
https://www.frauklinik.ru/stomatologia/",42
